ts_code,trade_date,open,high,low,close,pre_close,change,pct_chg,vol,amount
603137.SH,20260115,14.15,14.28,14.1,14.24,14.22,0.02,0.1406,12272.4,17463.702
603137.SH,20260114,14.22,14.3,14.04,14.22,14.24,-0.02,-0.1404,15596.8,22121.672
603137.SH,20260113,14.17,14.28,14.0,14.24,14.17,0.07,0.494,17434.82,24754.293
603137.SH,20260112,14.11,14.2,14.02,14.17,14.1,0.07,0.4965,18200.8,25732.346
603137.SH,20260109,14.1,14.2,13.96,14.1,14.11,-0.01,-0.0709,10952.63,15408.886
603137.SH,20260108,13.97,14.18,13.88,14.11,14.05,0.06,0.427,14405.0,20282.443
603137.SH,20260107,14.2,14.2,13.91,14.05,14.2,-0.15,-1.0563,15285.0,21436.061
603137.SH,20260106,14.15,14.27,13.97,14.2,14.05,0.15,1.0676,16096.8,22780.341
603137.SH,20260105,13.74,14.1,13.72,14.05,13.74,0.31,2.2562,22999.8,32150.183
